Metric,FY22,FY23,FY24,FY25,FY26
Revenue from sale of products/services (₹ cr),28923.5,34367.8,35382.1,33797.4,35516.4
EBITDA (₹ cr),5183.6,6646.3,8272.9,6578.8,7419.7
PAT (₹ cr),3030.6,4106.5,5460.2,3667.2,4325.3
ROCE (%),30.4,35.9,39.7,26.9,27.6
RONW (%),22.8,27.4,31.0,18.8,20.9
Borrowings (₹ cr),779.1,1016.7,1146.3,898.2,2324.9
Fixed assets incl. ROU (₹ cr),5945.5,6790.1,9845.0,10474.6,11489.0
Investments (₹ cr),3247.5,4261.7,4587.9,4724.8,7061.7
Net CFO (₹ cr),986.49,4193.43,6103.6,4423.96,7088.18
FCF (₹ cr; derived where available),,,3607.52,2593.89,5600.86
